Cc: "abilainecgs@gmail.com" <abilainecgs@gmail.com>, 
	"adrianojeremias87@gmail.com" <adrianojeremias87@gmail.com>, "aefm1962@gmail.com" <aefm1962@gmail.com>, 
	"airtonandradedigo@gmail.com" <airtonandradedigo@gmail.com>, "ajpsoares3@gmail.com" <ajpsoares3@gmail.com>, 
	"alexandre.zampolo@hotmail.com" <alexandre.zampolo@hotmail.com>, 
	"alexandresilvarennee@gmail.com" <alexandresilvarennee@gmail.com>, 
	"alinealice943@gmail.com" <alinealice943@gmail.com>, 
	"alinebmanrique@gmail.com" <alinebmanrique@gmail.com>, 
	"alineleitte1994@hotmail.com" <alineleitte1994@hotmail.com>, 
	"alineoliveirawaps@gmail.com" <alineoliveirawaps@gmail.com>, 
	"alinevalentino@hotmail.com" <alinevalentino@hotmail.com>, 
	"allexfariabarbosa@gmail.com" <allexfariabarbosa@gmail.com>, 
	"alves.malice70@gmail.com" <alves.malice70@gmail.com>, 
	"amancordeirof@outlook.com" <amancordeirof@outlook.com>, 
	"amanda-2012-suzart@hotmail.com" <amanda-2012-suzart@hotmail.com>, 
	"ana.oliveira_martins@hotmail.com" <ana.oliveira_martins@hotmail.com>, 
	"ana.spiacci@gmail.com" <ana.spiacci@gmail.com>, "anafguedes50@gmail.com" <anafguedes50@gmail.com>, 
	"anap_pcampos@yahoo.com.br" <anap_pcampos@yahoo.com.br>, 
	"anapparisi@hotmail.com" <anapparisi@hotmail.com>, 
	"andersonggirotto@gmail.com" <andersonggirotto@gmail.com>, "andreia@ghsix.com.br" <andreia@ghsix.com.br>, 
	"andreiaolv.ribeiro@gmail.com" <andreiaolv.ribeiro@gmail.com>, 
	"andreisgama02@gmail.com" <andreisgama02@gmail.com>, 
	"andrewsrezende@gmail.com" <andrewsrezende@gmail.com>, 
	"angelica.aparecida0@gmail.com" <angelica.aparecida0@gmail.com>, 
	"angelica.luiza_barbosa@outlook.com" <angelica.luiza_barbosa@outlook.com>, 
	"annamachado.coelho@hotmail.com" <annamachado.coelho@hotmail.com>, 
	"annapcosta5@outlook.com.br" <annapcosta5@outlook.com.br>, 
	"antonia.maria0303@hotmail.com.br" <antonia.maria0303@hotmail.com.br>, 
	"apivovar1@gmail.com" <apivovar1@gmail.com>, "araujo.leu18@hotmail.com" <araujo.leu18@hotmail.com>, 
	"araujoludilane@gmail.com" <araujoludilane@gmail.com>, 
	"arnaldo_monteiro@hotmail.com" <arnaldo_monteiro@hotmail.com>, 
	"asanches002@gmail.com" <asanches002@gmail.com>, "aymikss@hotmail.com" <aymikss@hotmail.com>, 
	"baggiocriative@gmail.com" <baggiocriative@gmail.com>, "bcc.uni13@gmail.com" <bcc.uni13@gmail.com>, 
	"betepilan@hotmail.com" <betepilan@hotmail.com>, "biagsantos18@gmail.com" <biagsantos18@gmail.com>, 
	"bianca.fisio0911@gmail.com" <bianca.fisio0911@gmail.com>, 
	"biedmathaiane@gmail.com" <biedmathaiane@gmail.com>, 
	"blancolucas007@gmail.com" <blancolucas007@gmail.com>, "bpasseti@hotmail.com" <bpasseti@hotmail.com>, 
	"brcarboni18@gmail.com" <brcarboni18@gmail.com>, 
	"bruna.gabriele.33046@gmail.com" <bruna.gabriele.33046@gmail.com>, 
	"brunapaixao1997@gmail.com" <brunapaixao1997@gmail.com>, 
	"brunna.simone@live.com" <brunna.simone@live.com>, 
	"bruno.carbonato@hotmail.com" <bruno.carbonato@hotmail.com>, 
	"bruno.giampietro@hotmail.com" <bruno.giampietro@hotmail.com>, 
	"brunowalker_silva@outlook.com" <brunowalker_silva@outlook.com>, 
	"caio_rossini@hotmail.com" <caio_rossini@hotmail.com>, 
	"camila.vierra@hotmail.com" <camila.vierra@hotmail.com>, 
	"camilaandrade1506@gmail.com" <camilaandrade1506@gmail.com>, 
	"camilla.cgs@hotmail.com" <camilla.cgs@hotmail.com>, 
	"camillepapalardosilva@gmail.com" <camillepapalardosilva@gmail.com>, 
	"camposranieri@gmail.com" <camposranieri@gmail.com>, "canaldorichi@gmail.com" <canaldorichi@gmail.com>, 
	"candidamvaz@gmail.com" <candidamvaz@gmail.com>, "candido.tt@gmail.com" <candido.tt@gmail.com>, 
	"cardosof.gui@gmail.com" <cardosof.gui@gmail.com>, 
	"carinacasalecchi@hotmail.com" <carinacasalecchi@hotmail.com>, 
	"carlosalbertosilva197@gmail.com" <carlosalbertosilva197@gmail.com>, 
	"carol_carolinesouza@yahoo.com.br" <carol_carolinesouza@yahoo.com.br>, 
	"carol_lancia@yahoo.com.br" <carol_lancia@yahoo.com.br>, 
	"carolinasimonetto19@gmail.com" <carolinasimonetto19@gmail.com>, 
	"caroline.moreira.ssp@hotmail.com" <caroline.moreira.ssp@hotmail.com>, 
	"carraranutri@gmail.com" <carraranutri@gmail.com>, 
	"cassiaaparecidapesse@yahoo.com.br" <cassiaaparecidapesse@yahoo.com.br>, 
	"cassio.macedo@hc.fm.usp.br" <cassio.macedo@hc.fm.usp.br>, 
	"catharinalourenco1609@gmail.com" <catharinalourenco1609@gmail.com>, 
	"caue.fer2003@gmail.com" <caue.fer2003@gmail.com>, "caycapelanes@gmail.com" <caycapelanes@gmail.com>, 
	"cchida@gmail.com" <cchida@gmail.com>, "cdc.guima@yahoo.com.br" <cdc.guima@yahoo.com.br>, 
	"cestarojennifer@gmail.com" <cestarojennifer@gmail.com>, 
	"chryswill@hotmail.com.br" <chryswill@hotmail.com.br>, 
	"ciceromelo@hotmail.com" <ciceromelo@hotmail.com>, 
	"cinthiavillelamello@gmail.com" <cinthiavillelamello@gmail.com>, 
	"citro_claudia@yahoo.com.br" <citro_claudia@yahoo.com.br>, 
	"clairepapalardo@gmail.com" <clairepapalardo@gmail.com>, 
	"claudia.v.g@hotmail.com" <claudia.v.g@hotmail.com>, 
	"claudialepi@hotmail.com" <claudialepi@hotmail.com>, 
	"cleberaleixo@hotmail.com" <cleberaleixo@hotmail.com>, "clebermaria@yahoo.com" <clebermaria@yahoo.com>, 
	"cleideabalduino@gmail.com" <cleideabalduino@gmail.com>, 
	"cleniafbsouza20@gmail.com" <cleniafbsouza20@gmail.com>, 
	"cmarques83@hotmail.com" <cmarques83@hotmail.com>, 
	"contato.gixsst@gmail.com" <contato.gixsst@gmail.com>, 
	"contato.omassoni@gmail.com" <contato.omassoni@gmail.com>, 
	"contatokamillasantos@hotmail.com" <contatokamillasantos@hotmail.com>, "crisloula@msn.com" <crisloula@msn.com>, 
	"crisnobrecris@gmail.com" <crisnobrecris@gmail.com>, "crist176@hotmail.com" <crist176@hotmail.com>, 
	"cristiane@directaimoveis.com" <cristiane@directaimoveis.com>, 
	"cristianebatista1978@hotmail.com" <cristianebatista1978@hotmail.com>, 
	"daianekelly26@hotmail.com" <daianekelly26@hotmail.com>, 
	"daisycosantos@gmail.com" <daisycosantos@gmail.com>, 
	"dani_abachioni@hotmail.com" <dani_abachioni@hotmail.com>, 
	"daniela.pessini@outlook.com" <daniela.pessini@outlook.com>, 
	"danielameirac93@gmail.com" <danielameirac93@gmail.com>, 
	"danielas20608@gmail.com" <danielas20608@gmail.com>, 
	"daniellemingatos@gmail.com" <daniellemingatos@gmail.com>, 
	"daniellyamaro@gmail.com" <daniellyamaro@gmail.com>, 
	"danielpuentealvarez@yahoo.com.br" <danielpuentealvarez@yahoo.com.br>, 
	"danilomoreirasilva@live.com" <danilomoreirasilva@live.com>, 
	"david.santos.oliveira@bol.com.br" <david.santos.oliveira@bol.com.br>, 
	"debdamasceno@hotmail.com" <debdamasceno@hotmail.com>, 
	"deborahnutricaoetec@hotmail.com" <deborahnutricaoetec@hotmail.com>, 
	"deboravbach@icloud.com" <deboravbach@icloud.com>, "debygodoy1@gmail.com" <debygodoy1@gmail.com>, 
	"deia-flauzino@hotmail.com" <deia-flauzino@hotmail.com>, 
	"delatorre.kcm@gmail.com" <delatorre.kcm@gmail.com>, "delbem1985@hotmail.com" <delbem1985@hotmail.com>, 
	"denis.lucas.valverde.silva@gmail.com" <denis.lucas.valverde.silva@gmail.com>, 
	"denisfisio@hotmail.com" <denisfisio@hotmail.com>, "desaferrari@gmail.com" <desaferrari@gmail.com>, 
	"diiana_castro@hotmail.com" <diiana_castro@hotmail.com>, 
	"diinha_amanda@hotmail.com" <diinha_amanda@hotmail.com>, 
	"dougmacedo30@gmail.com" <dougmacedo30@gmail.com>, "dpro627@hotmail.com" <dpro627@hotmail.com>, 
	"dra.nicole.ef@gmail.com" <dra.nicole.ef@gmail.com>, 
	"drogariavilaede@gmail.com" <drogariavilaede@gmail.com>, "dscardozo@hotmail.com" <dscardozo@hotmail.com>, 
	"dsilveiramartinelli@yahoo.com.br" <dsilveiramartinelli@yahoo.com.br>, 
	"dvdcristhian@gmail.com" <dvdcristhian@gmail.com>, "dyana_mdn@hotmail.com" <dyana_mdn@hotmail.com>, 
	"ebncamargo@gmail.com" <ebncamargo@gmail.com>, "edibela2009@hotmail.com" <edibela2009@hotmail.com>, 
	"edilaine.r.okagawa@gmail.com" <edilaine.r.okagawa@gmail.com>, 
	"edu_menezes23@hotmail.com" <edu_menezes23@hotmail.com>, 
	"elaineleila6@gmail.com" <elaineleila6@gmail.com>, "elaisjessica@gmail.com" <elaisjessica@gmail.com>, 
	"eliestetica777@gmail.com" <eliestetica777@gmail.com>, 
	"eliete.xerox@gmail.com" <eliete.xerox@gmail.com>, 
	"elisangelauri@gmail.com" <elisangelauri@gmail.com>, 
	"ellensantos290@gmail.com" <ellensantos290@gmail.com>, "elohnutre@gmail.com" <elohnutre@gmail.com>, 
	"emillylawrenze@gmail.com" <emillylawrenze@gmail.com>, 
	"enriquealmeida@msn.com" <enriquealmeida@msn.com>, 
	"ericksmtrentin@gmail.com" <ericksmtrentin@gmail.com>, 
	"eumesmapan@yahoo.com.br" <eumesmapan@yahoo.com.br>, 
	"everton.mobiliatto@gmail.com" <everton.mobiliatto@gmail.com>, 
	"fabianasantosbatista@gmail.com" <fabianasantosbatista@gmail.com>, 
	"fabiane2003@hotmail.com" <fabiane2003@hotmail.com>, "fabigu2004@hotmail.com" <fabigu2004@hotmail.com>, 
	"fabioborrallo@gmail.com" <fabioborrallo@gmail.com>, "fabynho_p@hotmail.com" <fabynho_p@hotmail.com>, 
	"fannydeesteves@gmail.com" <fannydeesteves@gmail.com>, 
	"fatimafreguglia@gmail.com" <fatimafreguglia@gmail.com>, 
	"fe.cris.vet@hotmail.com" <fe.cris.vet@hotmail.com>, 
	"feijaodobrado@yahoo.com.br" <feijaodobrado@yahoo.com.br>, 
	"felipe.peu2010@hotimail.com" <felipe.peu2010@hotimail.com>, 
	"felipe.webmonster@gmail.com" <felipe.webmonster@gmail.com>, 
	"felipealvesgestaotecnica@gmail.com" <felipealvesgestaotecnica@gmail.com>, 
	"felipeborgese@gmail.com" <felipeborgese@gmail.com>, 
	"felipevieirasantos@uol.com.br" <felipevieirasantos@uol.com.br>, 
	"fernanda.mark@hotmail.com" <fernanda.mark@hotmail.com>, 
	"fernandagermanno@gmail.com" <fernandagermanno@gmail.com>, 
	"fernandagmesteves@hotmail.com" <fernandagmesteves@hotmail.com>, 
	"fernandalopez18@hotmail.com" <fernandalopez18@hotmail.com>, 
	"fernandoribeiro.martins72@gmail.com" <fernandoribeiro.martins72@gmail.com>, 
	"financeiro@nobrearoma.com.br" <financeiro@nobrearoma.com.br>, 
	"fran2013patricia@hotmail.com" <fran2013patricia@hotmail.com>, 
	"fromglenda@hotmail.com" <fromglenda@hotmail.com>, 
	"gabbi.s.costa@gmail.com" <gabbi.s.costa@gmail.com>, 
	"gabimarinhomota@gmail.com" <gabimarinhomota@gmail.com>, 
	"gabriel73047@hotmail.com" <gabriel73047@hotmail.com>, 
	"gabrielanicolini97@gmail.com" <gabrielanicolini97@gmail.com>, 
	"gabrielavss@hotmail.com" <gabrielavss@hotmail.com>, 
	"gabrielfcrosta@hotmail.com" <gabrielfcrosta@hotmail.com>, 
	"gabriellarentis@icloud.com" <gabriellarentis@icloud.com>, "gabysdom18@gmail.com" <gabysdom18@gmail.com>, 
	"geisla.dantas@hotmail.com" <geisla.dantas@hotmail.com>, 
	"georgetitatto@yahoo.com.br" <georgetitatto@yahoo.com.br>, 
	"geovanna.morete@icloud.com" <geovanna.morete@icloud.com>, 
	"geovannaqueiros24@gmail.com" <geovannaqueiros24@gmail.com>, 
	"gessica1704@hotmail.com" <gessica1704@hotmail.com>, "gi-86@hotmail.com" <gi-86@hotmail.com>, 
	"gianecchini_r@hotmail.com" <gianecchini_r@hotmail.com>, "gianskb@gmail.com" <gianskb@gmail.com>, 
	"giihgouveiamattos7@gmail.com" <giihgouveiamattos7@gmail.com>, 
	"gimenez.collado@hotmail.com" <gimenez.collado@hotmail.com>, 
	"giovanna.barbosam02@gmail.com" <giovanna.barbosam02@gmail.com>, 
	"giovannapfds@yahoo.com" <giovannapfds@yahoo.com>, 
	"giseleketly67@gmail.com" <giseleketly67@gmail.com>, 
	"gisellebastos1@gmail.com" <gisellebastos1@gmail.com>, "givezzetti@gmail.com" <givezzetti@gmail.com>, 
	"grhann@gmail.com" <grhann@gmail.com>, "grreeis294@gmail.com" <grreeis294@gmail.com>, 
	"gucesar01@gmail.com" <gucesar01@gmail.com>, 
	"guga_mendonca99@icloud.com" <guga_mendonca99@icloud.com>, 
	"guilherme.sr2004@hotmail.com" <guilherme.sr2004@hotmail.com>, 
	"guilhermoigor@gmail.com" <guilhermoigor@gmail.com>, "guilunasc@gmail.com" <guilunasc@gmail.com>, 
	"guimaraesfag1@gmail.com" <guimaraesfag1@gmail.com>, 
	"gustavo.machine@live.com" <gustavo.machine@live.com>, 
	"gustavoalmeidagc1@gmail.com" <gustavoalmeidagc1@gmail.com>, 
	"gustavofelipe.lourenco@gmail.com" <gustavofelipe.lourenco@gmail.com>, 
	"gutierre.alves.santos@gmail.com" <gutierre.alves.santos@gmail.com>, 
	"heitor@construtoralumiar.com.br" <heitor@construtoralumiar.com.br>, 
	"helderpersonal10@gmail.com" <helderpersonal10@gmail.com>, 
	"heloisasiais@gmail.com" <heloisasiais@gmail.com>, "helospam2020@gmail.com" <helospam2020@gmail.com>, 
	"help.su@terra.com.br" <help.su@terra.com.br>, 
	"henriquetelles15@gmail.com" <henriquetelles15@gmail.com>, 
	"henriquetonon@hotmail.com" <henriquetonon@hotmail.com>, "herikacris@bol.com.br" <herikacris@bol.com.br>, 
	"higor_03oliveira@hotmail.com" <higor_03oliveira@hotmail.com>, 
	"iamaraclopes@gmail.com" <iamaraclopes@gmail.com>, "ianzinho076@gmail.com" <ianzinho076@gmail.com>, 
	"ingrid.galego@gmail.com" <ingrid.galego@gmail.com>, 
	"ingridd.ireis@gmail.com" <ingridd.ireis@gmail.com>, 
	"isabela_freire@hotmail.com.br" <isabela_freire@hotmail.com.br>, 
	"isacvieira99@icloud.com" <isacvieira99@icloud.com>, "isis.ogawa@gmail.com" <isis.ogawa@gmail.com>, 
	"iwatamassayuki@gmail.com" <iwatamassayuki@gmail.com>, 
	"j.carol.eng@outlook.com" <j.carol.eng@outlook.com>, 
	"janaina.csantana@hotmail.com" <janaina.csantana@hotmail.com>, 
	"jaquelinesegati@gmail.com" <jaquelinesegati@gmail.com>, 
	"jbsantarosa@terra.com.br" <jbsantarosa@terra.com.br>, "jcegobrain@gmail.com" <jcegobrain@gmail.com>, 
	"jean261068@gmail.com" <jean261068@gmail.com>, 
	"jeeny.souzaa02@hotmail.com" <jeeny.souzaa02@hotmail.com>, 
	"jefernandes0489@gmail.com" <jefernandes0489@gmail.com>, 
	"jeffersonbhleste@yahoo.com.br" <jeffersonbhleste@yahoo.com.br>, 
	"jennyfer16rayane@gmail.com" <jennyfer16rayane@gmail.com>, 
	"jessi_clecia@hotmail.com" <jessi_clecia@hotmail.com>, 
	"jessica.salmazio@gmail.com" <jessica.salmazio@gmail.com>, 
	"jessica.scombatte@gmail.com" <jessica.scombatte@gmail.com>, 
	"jessicaanisio@outlook.com.br" <jessicaanisio@outlook.com.br>, 
	"jessika_adeli@hotmail.com" <jessika_adeli@hotmail.com>, "jesuismos@gmail.com" <jesuismos@gmail.com>, 
	"joao.fuliaro.costa@hotmail.com" <joao.fuliaro.costa@hotmail.com>, 
	"joaomarcoscastro14@gmail.com" <joaomarcoscastro14@gmail.com>, 
	"joaosiqueira-10@hotmail.com" <joaosiqueira-10@hotmail.com>, "jorlavisio@gmail.com" <jorlavisio@gmail.com>, 
	"jornalismo.cienciassociais@gmail.com" <jornalismo.cienciassociais@gmail.com>, 
	"jose.gimenez@uol.com.br" <jose.gimenez@uol.com.br>, 
	"josiekoscak@yahoo.com.br" <josiekoscak@yahoo.com.br>, 
	"josyoliveirasilva10@gmail.com" <josyoliveirasilva10@gmail.com>, 
	"joycesbomfim86@gmail.com" <joycesbomfim86@gmail.com>, 
	"jpanimacao@outlook.com" <jpanimacao@outlook.com>, 
	"jpoliveira.barbosa@gmail.com" <jpoliveira.barbosa@gmail.com>, 
	"jtconsultoriaacademica@gmail.com" <jtconsultoriaacademica@gmail.com>, 
	"jtinstrumentacao@gmail.com" <jtinstrumentacao@gmail.com>, 
	"jucamargoaparecida@gmail.com" <jucamargoaparecida@gmail.com>, "jufs08@hotmail.com" <jufs08@hotmail.com>, 
	"juliagmoriani@hotmail.com" <juliagmoriani@hotmail.com>, 
	"juliagorgoniochicuta@gmail.com" <juliagorgoniochicuta@gmail.com>, 
	"juliana.monte@dhl.com" <juliana.monte@dhl.com>, 
	"juliana.santana20@gmail.com" <juliana.santana20@gmail.com>, 
	"juliane_adm_6@hotmail.com" <juliane_adm_6@hotmail.com>, 
	"julio.cesarcj1402@gmail.com" <julio.cesarcj1402@gmail.com>, "junior.btd@yahoo.com" <junior.btd@yahoo.com>, 
	"jv_almendra@hotmail.com" <jv_almendra@hotmail.com>, 
	"kamyllakimberlly14@gmail.com" <kamyllakimberlly14@gmail.com>, 
	"karen.agraa@gmail.com" <karen.agraa@gmail.com>, 
	"kary-menezes@hotmail.com" <kary-menezes@hotmail.com>, 
	"kathelin.martin@hotmail.com" <kathelin.martin@hotmail.com>, 
	"kathelinsantiago@gmail.com" <kathelinsantiago@gmail.com>, 
	"kattyroberta@hotmail.com" <kattyroberta@hotmail.com>, 
	"kellygoncalez2015@gmail.com" <kellygoncalez2015@gmail.com>, "ketlenmb25@gmail.com" <ketlenmb25@gmail.com>, 
	"keysila2012@hotmail.com" <keysila2012@hotmail.com>, 
	"khankraterbore@gmail.com" <khankraterbore@gmail.com>, 
	"klaudynha33@yahoo.com.br" <klaudynha33@yahoo.com.br>, "ktelesrosa@gmail.com" <ktelesrosa@gmail.com>, 
	"larissasena93@gmail.com" <larissasena93@gmail.com>, "lds63974@gmail.com" <lds63974@gmail.com>, 
	"leandroferreirasp766@gmail.com" <leandroferreirasp766@gmail.com>, 
	"lemoscandressa@gmail.com" <lemoscandressa@gmail.com>, "leoapm1@gmail.com" <leoapm1@gmail.com>, 
	"leticia.bernardo@outlook.com" <leticia.bernardo@outlook.com>, 
	"leticiamatosbrito@gmail.com" <leticiamatosbrito@gmail.com>, 
	"lilian_iss@hotmail.com" <lilian_iss@hotmail.com>, 
	"limafernandesdesouzam@gmail.com" <limafernandesdesouzam@gmail.com>, 
	"line_sousa2012@hotmail.com" <line_sousa2012@hotmail.com>, 
	"lipe1ferrari12@gmail.com" <lipe1ferrari12@gmail.com>, "lipebresa@hotmail.com" <lipebresa@hotmail.com>, 
	"livia.abe@gmail.com" <livia.abe@gmail.com>, "liviabsilva.s@gmail.com" <liviabsilva.s@gmail.com>, 
	"lluanapinheiiro@outlook.com" <lluanapinheiiro@outlook.com>, 
	"lorrainemachado371@gmail.com" <lorrainemachado371@gmail.com>, 
	"lu_smacedo@hotmail.com" <lu_smacedo@hotmail.com>, "lu_surita@hotmail.com" <lu_surita@hotmail.com>, 
	"luana.gomeess@hotmail.com" <luana.gomeess@hotmail.com>, 
	"luanmarchesi@hotmail.com" <luanmarchesi@hotmail.com>, 
	"luaualves@yahoo.com.br" <luaualves@yahoo.com.br>, 
	"lucas.franco23@outlook.com" <lucas.franco23@outlook.com>, 
	"lucas@peracolli.com.br" <lucas@peracolli.com.br>, 
	"lucasfernandesferreira2002@gmail.com" <lucasfernandesferreira2002@gmail.com>, 
	"luceliariber@gmail.com" <luceliariber@gmail.com>, 
	"lucianagaugusto@hotmail.com" <lucianagaugusto@hotmail.com>, 
	"luysamarya5@gmail.com" <luysamarya5@gmail.com>, 
	"lyviancatharinna@hotmail.com" <lyviancatharinna@hotmail.com>, 
	"maiara.c.mesquita@gmail.com" <maiara.c.mesquita@gmail.com>, 
	"maisqualidademaisvida@yahoo.com.br" <maisqualidademaisvida@yahoo.com.br>, 
	"malves.silva1976@gmail.com" <malves.silva1976@gmail.com>, 
	"mandy.oliveira01@gmail.com" <mandy.oliveira01@gmail.com>, 
	"manoelazuzaht@hotmail.com" <manoelazuzaht@hotmail.com>, 
	"mara.alves.3007@gmail.com" <mara.alves.3007@gmail.com>, 
	"marciagenimg@gmail.com" <marciagenimg@gmail.com>, 
	"mariana.batista97@hotmail.com" <mariana.batista97@hotmail.com>, 
	"marianagaudencionutricao@gmail.com" <marianagaudencionutricao@gmail.com>, 
	"mariane.simoes2012@hotmail.com" <mariane.simoes2012@hotmail.com>, 
	"mariliag211@gmail.com" <mariliag211@gmail.com>, 
	"marinapignatari@gmail.com" <marinapignatari@gmail.com>, 
	"marinolugginzberio@gmail.com" <marinolugginzberio@gmail.com>, 
	"mariprojetos@hotmail.com" <mariprojetos@hotmail.com>, 
	"marlonrodr1966@hotmail.com" <marlonrodr1966@hotmail.com>, 
	"max.ollie27@gmail.com" <max.ollie27@gmail.com>, 
	"maximofabricia@gmail.com" <maximofabricia@gmail.com>, "mbprojeto01@gmail.com" <mbprojeto01@gmail.com>, 
	"megholi@outlook.com" <megholi@outlook.com>, "meiresuzuki@hotmail.com" <meiresuzuki@hotmail.com>, 
	"melissacabral.oya@gmail.com" <melissacabral.oya@gmail.com>, 
	"melissagiovannalemes@gmail.com" <melissagiovannalemes@gmail.com>, 
	"michel.borsatti@icloud.com" <michel.borsatti@icloud.com>, 
	"michelle.scosta1@outlook.com" <michelle.scosta1@outlook.com>, 
	"milasertorio98@gmail.com" <milasertorio98@gmail.com>, "milimmendes@gmail.com" <milimmendes@gmail.com>, 
	"miriam.de.nunes@gmail.com" <miriam.de.nunes@gmail.com>, "moalmeida99@gmail.com" <moalmeida99@gmail.com>, 
	"moni_kawan@hotmail.com" <moni_kawan@hotmail.com>, 
	"monica.pavan@hotmail.com" <monica.pavan@hotmail.com>, 
	"monicarloni@uol.com.br" <monicarloni@uol.com.br>, 
	"moniquebu13@hotmail.com" <moniquebu13@hotmail.com>, "moniselauro@gmail.com" <moniselauro@gmail.com>, 
	"mthbarbosa08@gmail.com" <mthbarbosa08@gmail.com>, "myllabech@gmail.com" <myllabech@gmail.com>, 
	"nadjaddd@gmail.com" <nadjaddd@gmail.com>, "nadyaazevedo01@gmail.com" <nadyaazevedo01@gmail.com>, 
	"nandaebeto2011@gmail.com" <nandaebeto2011@gmail.com>, 
	"nandapepineli@gmail.com" <nandapepineli@gmail.com>, 
	"nascimentoleticia046@gmail.com" <nascimentoleticia046@gmail.com>, 
	"nataliacardozodossantos@gmail.com" <nataliacardozodossantos@gmail.com>, 
	"natalieduarte2304@gmail.com" <natalieduarte2304@gmail.com>, 
	"nathalia.s.silva@outlook.com" <nathalia.s.silva@outlook.com>, 
	"nathaliasaffe@gmail.com" <nathaliasaffe@gmail.com>, 
	"nathalyoliveira21@outlook.com" <nathalyoliveira21@outlook.com>, 
	"navarro.dc@hotmail.com" <navarro.dc@hotmail.com>, 
	"nayla.pereira@hotmail.com" <nayla.pereira@hotmail.com>, 
	"nayma_sonia@icloud.com" <nayma_sonia@icloud.com>, 
	"nenecamurtinho@gmail.com" <nenecamurtinho@gmail.com>, "neugivan@gmail.com" <neugivan@gmail.com>, 
	"nicoleleupize@hotmail.com" <nicoleleupize@hotmail.com>, "noemi.nmv15@gmail.com" <noemi.nmv15@gmail.com>, 
	"nubia.lafaety184@gmail.com" <nubia.lafaety184@gmail.com>, 
	"octaviobraga05@gmail.com" <octaviobraga05@gmail.com>, 
	"oliveiragiulia358@gmail.com" <oliveiragiulia358@gmail.com>, "om.c12a7@gmail.com" <om.c12a7@gmail.com>, 
	"parasabrinacarvalho@gmail.com" <parasabrinacarvalho@gmail.com>, 
	"patricia.pataro22@gmail.com" <patricia.pataro22@gmail.com>, 
	"paula.oliveira_projeto@hotmail.com" <paula.oliveira_projeto@hotmail.com>, 
	"paula_ivanov@outlook.com" <paula_ivanov@outlook.com>, 
	"paulaescudeiro@hotmail.com" <paulaescudeiro@hotmail.com>, 
	"paulawarumby@hotmail.com" <paulawarumby@hotmail.com>, "paulla024@hotmail.com" <paulla024@hotmail.com>, 
	"pedro.hleite.souza@gmail.com" <pedro.hleite.souza@gmail.com>, 
	"perescaroline37@gmail.com" <perescaroline37@gmail.com>, 
	"phhenrique2937@gmail.com" <phhenrique2937@gmail.com>, 
	"picholarifisio@gmail.com" <picholarifisio@gmail.com>, "piianiello2@gmail.com" <piianiello2@gmail.com>, 
	"pollyana@chalezinho.com" <pollyana@chalezinho.com>, "pri_dameluz@icloud.com" <pri_dameluz@icloud.com>, 
	"prigamba@gmail.com" <prigamba@gmail.com>, 
	"priscilaagostinho11@gmail.com" <priscilaagostinho11@gmail.com>, 
	"priscilamarquesfontes@gmail.com" <priscilamarquesfontes@gmail.com>, 
	"priscilamsouza@hotmail.com" <priscilamsouza@hotmail.com>, 
	"prnascimento89@gmail.com" <prnascimento89@gmail.com>, 
	"rafaelagregalmeida@hotmail.com" <rafaelagregalmeida@hotmail.com>, 
	"rafaelale40@gmail.com" <rafaelale40@gmail.com>, 
	"rafaelcouto.assessoria@gmail.com" <rafaelcouto.assessoria@gmail.com>, 
	"rafaelqueija@gmail.com" <rafaelqueija@gmail.com>, 
	"raquelpraseres@hotmail.com" <raquelpraseres@hotmail.com>, 
	"rarielypereira@gmail.com" <rarielypereira@gmail.com>, "rdgkoiti@hotmail.com" <rdgkoiti@hotmail.com>, 
	"regaldinoperalta@gmail.com" <regaldinoperalta@gmail.com>, 
	"reis-gabriel@hotmail.com" <reis-gabriel@hotmail.com>, 
	"rejanecamara4@gmail.com" <rejanecamara4@gmail.com>, 
	"renanaugusto8z@gmail.com" <renanaugusto8z@gmail.com>, 
	"renata.rissato@yahoo.com.br" <renata.rissato@yahoo.com.br>, 
	"renata_2983@yahoo.com.br" <renata_2983@yahoo.com.br>, 
	"renataav2005@hotmail.com" <renataav2005@hotmail.com>, 
	"renatacosta2003@yahoo.com.br" <renatacosta2003@yahoo.com.br>, 
	"renatadovalnutri@gmail.com" <renatadovalnutri@gmail.com>, 
	"rgb_jay_8@hotmail.com" <rgb_jay_8@hotmail.com>, "ricancian@uol.com.br" <ricancian@uol.com.br>, 
	"ricardo.ops@gmail.com" <ricardo.ops@gmail.com>, 
	"ricardobenedito2805@gmail.com" <ricardobenedito2805@gmail.com>, 
	"ricardogdaa@gmail.com" <ricardogdaa@gmail.com>, "rich_matsi@hotmail.com" <rich_matsi@hotmail.com>, 
	"rickisoares@hotmail.com" <rickisoares@hotmail.com>, 
	"rita_augustoalves@hotmail.com" <rita_augustoalves@hotmail.com>, 
	"rivajardim@gmail.com" <rivajardim@gmail.com>, "ro0104@hotmail.com" <ro0104@hotmail.com>, 
	"ro_031083@yahoo.com.br" <ro_031083@yahoo.com.br>, 
	"robertabonvicini@yahoo.com.br" <robertabonvicini@yahoo.com.br>, 
	"robertaldm18@gmail.com" <robertaldm18@gmail.com>, 
	"roberteufrasio@gmail.com" <roberteufrasio@gmail.com>, 
	"robvendramini@gmail.com" <robvendramini@gmail.com>, 
	"rocastrobelmonte@hotmail.com" <rocastrobelmonte@hotmail.com>, 
	"rodolfoviniciusouza@gmail.com" <rodolfoviniciusouza@gmail.com>, 
	"rodrigoalves.edf@hotmail.com" <rodrigoalves.edf@hotmail.com>, 
	"rodrigomgm03@gmail.com" <rodrigomgm03@gmail.com>, 
	"rodrigoos@rocketmail.com" <rodrigoos@rocketmail.com>, 
	"roeducacaofisica@hotmail.com" <roeducacaofisica@hotmail.com>, 
	"rogclv.arquitetura@gmail.com" <rogclv.arquitetura@gmail.com>, 
	"rogerioqueirozsilva@gmail.com" <rogerioqueirozsilva@gmail.com>, 
	"romero.dias@yahoo.com.br" <romero.dias@yahoo.com.br>, 
	"rosanacolalto@hotmail.com" <rosanacolalto@hotmail.com>, 
	"roselyferraz@yahoo.com.br" <roselyferraz@yahoo.com.br>, 
	"rosemeireafsilva@gmail.com" <rosemeireafsilva@gmail.com>, 
	"rosianalopesdonascimentolopes@gmail.com" <rosianalopesdonascimentolopes@gmail.com>, 
	"rozianeho@gmail.com" <rozianeho@gmail.com>, "ruthyammada@yahoo.com.br" <ruthyammada@yahoo.com.br>, 
	"saami.x3@hotmail.com" <saami.x3@hotmail.com>, 
	"sabrinaferrante0@gmail.com" <sabrinaferrante0@gmail.com>, 
	"sandromsato@outlook.com" <sandromsato@outlook.com>, "santaanalu29@gmail.com" <santaanalu29@gmail.com>, 
	"santosregojanaina@gmail.com" <santosregojanaina@gmail.com>, 
	"schiavoni03@gmail.com" <schiavoni03@gmail.com>, "senhormarkos@gmail.com" <senhormarkos@gmail.com>, 
	"sergioduarte.reabcenter@gmail.com" <sergioduarte.reabcenter@gmail.com>, 
	"severinolima.deise@gmail.com" <severinolima.deise@gmail.com>, 
	"sibernetica14@yahoo.com.br" <sibernetica14@yahoo.com.br>, 
	"silvajonatass@gmail.com" <silvajonatass@gmail.com>, "silvani1705@icloud.com" <silvani1705@icloud.com>, 
	"snufle@yahoo.com.br" <snufle@yahoo.com.br>, "srnamjoon1342@gmail.com" <srnamjoon1342@gmail.com>, 
	"starofmorning76@gmail.com" <starofmorning76@gmail.com>, 
	"stefannirosa2013@gmail.com" <stefannirosa2013@gmail.com>, 
	"steffanycampos22@hotmail.com" <steffanycampos22@hotmail.com>, 
	"stychelli@hotmail.com" <stychelli@hotmail.com>, 
	"suelenmiyamoto0405@gmail.com" <suelenmiyamoto0405@gmail.com>, 
	"susansthacyh@gmail.com" <susansthacyh@gmail.com>, 
	"suuhnoronha96@gmail.com" <suuhnoronha96@gmail.com>, 
	"tacianamorgado@gmail.com" <tacianamorgado@gmail.com>, 
	"taina_roque14@hotmail.com" <taina_roque14@hotmail.com>, 
	"tairineketelen@gmail.com" <tairineketelen@gmail.com>, "taisegs1@hotmail.com" <taisegs1@hotmail.com>, 
	"taisi_batista@hotmail.com" <taisi_batista@hotmail.com>, "tania.malta@gmail.com" <tania.malta@gmail.com>, 
	"tatacgomes@yahoo.com.br" <tatacgomes@yahoo.com.br>, 
	"tatianetrindaderufino@gmail.com" <tatianetrindaderufino@gmail.com>, 
	"tatynutrivida@gmail.com" <tatynutrivida@gmail.com>, "taynafv2@gmail.com" <taynafv2@gmail.com>, 
	"teradaleo@gmail.com" <teradaleo@gmail.com>, 
	"tercio.bz.duarte@outlook.com" <tercio.bz.duarte@outlook.com>, "thainadcc@gmail.com" <thainadcc@gmail.com>, 
	"thaisandrijic@gmail.com" <thaisandrijic@gmail.com>, 
	"thaisfonseca96@gmail.com" <thaisfonseca96@gmail.com>, 
	"thaislf.nutri@gmail.com" <thaislf.nutri@gmail.com>, 
	"thaisnraposeiro@gmail.com" <thaisnraposeiro@gmail.com>, 
	"thamiris.620@gmail.com" <thamiris.620@gmail.com>, 
	"thamirismacario@hotmail.com" <thamirismacario@hotmail.com>, 
	"thamyresdamasceno26@hotmail.com" <thamyresdamasceno26@hotmail.com>, 
	"thatamorale@yahoo.com.br" <thatamorale@yahoo.com.br>, 
	"thcoutinho1@hotmail.com" <thcoutinho1@hotmail.com>, 
	"thiago.pandolfo@uol.com.br" <thiago.pandolfo@uol.com.br>, 
	"thiago.toth@gmail.com" <thiago.toth@gmail.com>, 
	"thiago_loureirobarbosa@hotmail.com" <thiago_loureirobarbosa@hotmail.com>, 
	"thiagodanezzi1@gmail.com" <thiagodanezzi1@gmail.com>, 
	"thiagorguandalini@gmail.com" <thiagorguandalini@gmail.com>, 
	"tiago.brigatto@gmail.com" <tiago.brigatto@gmail.com>, "tmonteirooo@gmail.com" <tmonteirooo@gmail.com>, 
	"tricoloriana@gmail.com" <tricoloriana@gmail.com>, 
	"unicsulfarmacia.gestao@gmail.com" <unicsulfarmacia.gestao@gmail.com>, 
	"valbertoborgescosta@gmail.com" <valbertoborgescosta@gmail.com>, 
	"valerocha@bol.com.br" <valerocha@bol.com.br>, 
	"vanessafaria.vfp@gmail.com" <vanessafaria.vfp@gmail.com>, 
	"vanessagaldini@gmail.com" <vanessagaldini@gmail.com>, 
	"vanessasousass@hotmail.com" <vanessasousass@hotmail.com>, "vanfegon@hotmail.com" <vanfegon@hotmail.com>, 
	"vartinmoura@gmail.com" <vartinmoura@gmail.com>, 
	"victorlazarini@gmail.com" <victorlazarini@gmail.com>, 
	"victoroliiveira@live.com" <victoroliiveira@live.com>, 
	"vinegraodecamargo@gmail.com" <vinegraodecamargo@gmail.com>, 
	"vini-281199@hotmail.com" <vini-281199@hotmail.com>, "vinicapriofc@gmail.com" <vinicapriofc@gmail.com>, 
	"vinicius.cendaroglo@gmail.com" <vinicius.cendaroglo@gmail.com>, 
	"vinicius.dsnunes@outlook.com" <vinicius.dsnunes@outlook.com>, 
	"vinicius@setearq.com.br" <vinicius@setearq.com.br>, 
	"vitoria.nishihata@gmail.com" <vitoria.nishihata@gmail.com>, "viviclf@gmail.com" <viviclf@gmail.com>, 
	"vivitanoeiro@gmail.com" <vivitanoeiro@gmail.com>, 
	"wagner_pereira@honda.com.br" <wagner_pereira@honda.com.br>, 
	"william.pinheiro@outlook.com" <william.pinheiro@outlook.com>, 
	"williamfariasemail@gmail.com" <williamfariasemail@gmail.com>, 
	"williandeoliveira2009@gmail.com" <williandeoliveira2009@gmail.com>, 
	"wilmamelo2009@gmail.com" <wilmamelo2009@gmail.com>, 
	"xflaviopires@outlook.com" <xflaviopires@outlook.com>, "yagolealrs@gmail.com" <yagolealrs@gmail.com>, 
	"yayamashiroo@gmail.com" <yayamashiroo@gmail.com>, 
	"yuri.fukushima2405@gmail.com" <yuri.fukushima2405@gmail.com>, 
	"yuu_yami@hotmail.com" <yuu_yami@hotmail.com>